class,fruit_fraction_of_image,color.mean_hue_deg,color.mean_saturation,color.mean_brightness,color.color_spread_deltaE,color.color_uniformity,shape.n_fruit_regions,shape.area_px,shape.length_px,shape.width_px,shape.aspect_ratio,shape.circularity,shape.solidity,shape.extent,shape.eccentricity,texture.glcm_contrast,texture.glcm_dissimilarity,texture.glcm_homogeneity,texture.glcm_energy,texture.glcm_correlation,texture.lbp_entropy,texture.wrinkle_index,texture.gloss_index,color.color_name,shape.shape
Al-ajwa,0.22,14.15,0.072,0.2565,13.79,0.3985,1.0,57234.5,333.1,221.85,1.5035,0.812,0.985,0.811,0.747,5.0749,1.3924,0.5508,0.1411,0.9042,3.1855,0.1035,0.0,black / very dark brown,oval
Al-majdool,0.3225,15.0,0.509,0.5225,15.03,0.367,1.0,83217.5,425.35,248.25,1.746,0.7565,0.987,0.7805,0.82,5.2411,1.4097,0.5518,0.1279,0.8436,3.1685,0.112,0.0002,amber brown,oblong / elongated
Al-masyihia,0.46,32.1,0.552,0.567,19.64,0.27,1.0,89743.0,397.8,295.2,1.251,0.492,0.879,0.639,0.6,3.4984,1.0216,0.6556,0.144,0.938,3.031,0.0665,0.0013,amber / golden yellow,round
Al-meneifi,0.2615,16.6,0.5845,0.5385,16.39,0.3355,1.0,68034.0,383.05,229.95,1.6535,0.793,0.989,0.787,0.7965,2.088,0.8747,0.6622,0.152,0.9428,3.153,0.0379,0.0,amber brown,oblong / elongated
Al-muraaya,0.396,34.6,0.652,0.539,23.2,0.213,1.0,103113.0,465.4,314.6,1.4,0.565,0.893,0.689,0.7,2.1771,0.7614,0.7187,0.1348,0.9681,3.075,0.0311,0.0015,golden brown,oval
Al-sagai,0.316,21.5,0.64,0.572,16.85,0.325,1.0,80686.0,432.8,245.3,1.769,0.754,0.986,0.793,0.825,2.2743,0.918,0.6486,0.1444,0.9363,3.157,0.0397,0.0,amber brown,oblong / elongated
Al-shagra,0.469,13.85,0.546,0.451,21.325,0.241,1.0,85836.5,413.1,301.05,1.3905,0.5595,0.904,0.7365,0.695,4.1552,1.1668,0.6118,0.1232,0.9075,2.9715,0.0864,0.001,amber brown,oval
Al-shaishe,0.2655,24.5,0.464,0.508,15.865,0.3475,1.0,69052.5,378.05,236.3,1.605,0.795,0.988,0.793,0.782,2.0804,0.8767,0.6577,0.1472,0.9438,3.167,0.0365,0.0,amber brown,oblong / elongated
Al-skari,0.274,25.2,0.594,0.5575,17.375,0.314,1.0,70864.0,368.4,255.3,1.444,0.797,0.986,0.776,0.7215,1.9634,0.8651,0.6574,0.1389,0.948,3.1875,0.0285,0.0,amber brown,oval
Al-skri_magrosh,0.4715,25.05,0.6385,0.623,21.705,0.235,1.0,111766.5,444.05,335.4,1.2755,0.608,0.9325,0.725,0.621,5.4573,1.3634,0.5833,0.115,0.9114,3.041,0.1059,0.0118,amber brown,oval
Aseel,0.3925,11.8,0.575,0.398,13.715,0.4005,1.0,102272.0,472.95,279.8,1.681,0.764,0.985,0.779,0.804,2.825,0.8962,0.6878,0.1938,0.889,3.149,0.0558,0.0,dark red-brown,oblong / elongated
Fasli Toto,0.4115,19.6,0.643,0.433,14.175,0.3885,1.0,107204.5,462.9,298.9,1.5555,0.735,0.9775,0.7705,0.7655,1.9214,0.7095,0.735,0.1974,0.9318,3.0985,0.0343,0.0,amber brown,oval
Gajar,0.3255,14.25,0.4235,0.268,13.54,0.406,1.0,84694.0,499.8,223.05,2.2325,0.689,0.98,0.7875,0.894,4.2332,1.1195,0.6402,0.1862,0.8534,3.174,0.0772,0.0,dark brown,very elongated
Galaxy,0.245,15.3,0.559,0.496,16.59,0.331,1.0,63738.0,335.7,244.6,1.39,0.807,0.985,0.786,0.695,2.7912,1.0153,0.6256,0.1505,0.9318,3.181,0.0533,0.0,amber brown,oval
Kupro,0.453,331.05,0.2055,0.226,14.495,0.38,1.0,118216.0,468.25,323.8,1.43,0.777,0.982,0.77,0.7145,2.7814,0.86,0.7031,0.2411,0.9326,3.1705,0.0534,0.0,black / very dark brown,oval
NbotAli,0.323,22.8,0.622,0.56,16.115,0.3415,1.0,80717.0,414.45,252.5,1.633,0.76,0.984,0.7815,0.7905,1.4638,0.7142,0.7036,0.1573,0.9544,3.15,0.0142,0.0,amber brown,oblong / elongated
SagaiIRAQ,0.441,21.75,0.7735,0.6465,17.725,0.307,1.0,76581.0,433.2,253.6,1.656,0.476,0.853,0.665,0.797,1.3696,0.6388,0.7376,0.1622,0.9592,2.8415,0.0222,0.0,amber brown,oblong / elongated
